insert into `students` (`student_id`,`student_name`,`city`,`average`,`college_id`) values ('71133848', 'MOHAMADI', 'TEHRAN', '17.23999977', '10'),('72130502', 'VAKILI', 'ESFAHAN', '14.06000042', '10'),('72203305', 'ALINAGHI ZADEH', 'MASHHAD', '16.42000008', '1'),('72210211', 'KEYVAN', 'ZAHEDAN', '13.43999958', '5'),('72210212', 'NAVIDI', 'SHIRAZ', '18.11000061', '4'),('72210213', 'NASHERI', 'SANANDAJ', '15.72999954', '11'),('73120504', 'KAMANI', 'YAZD', '17.55999947', '4'),('73166801', 'AHMADI', 'KERMAN', '15.43999958', '5'),('73172297', 'SHAHABI', 'KERMAN', '16.63999939', '10'),('74182532', 'JAVADI', 'TEHRAN', '16.79999924', '5'),('74209836', 'HOSEYN ZADE', 'TABRIZ', '12.19999981', '6')
insert into `professors` (`professor_name`,`OFFICE`,`ESP`,`DEGREE`,`college_id`) values ('ABUTALEBI', '3', 'MATERIALS', 'DOCTORATE', '6'),('AFANDI ZADEH', '5', 'CIVIL', 'DOCTORATE', '13'),('ASHRAFI ZADEH', '8', 'CHEMISTRY', 'DOCTORATE', '5'),('GHORBANI', '12', 'COMPUTER', 'DOCTORATE', '10'),('HASANI', '2', 'MATH', 'DOCTORATE', '1'),('HASHEMI ASL', '10', 'COMPUTER', 'MD', '10'),('JAHED MOTLAGH', '1', 'COMPUTER', 'MD', '10'),('JALALI', '5', 'ELECTRIC', 'DOCTORATE', '7'),('KAMALI POOR', '6', 'PHYSICS', 'MD', '2'),('KARIMI', '2', 'RELIGON', 'DOCTORATE', '12'),('MAFTOUN', '1', 'LANGUAGE', 'DOCTORATE', '3'),('MIRSHAMSI', '4', 'COMPUTER', 'MD', '10'),('NOGHREH KAR', '10', 'TRANSPORT', 'MD', '13'),('SADEGHIAN', '3', 'INDUSTRIALS', 'DOCTORATE', '4'),('SHAHIDI', '1', 'LANGUAGE', 'MD', '3'),('SHIDFAR', '3', 'MATH', 'DOCTORATE', '1'),('TABRIZI', '1', 'LANGUAGE', 'DOCTORATE', '3'),('ZAKER', '4', 'PHYSICS', 'DOCTORATE', '2')
insert into `test` (`C.`,`CNAME`,`UNIT`,`college_id`) values ('10172', 'SIMULATION', '3', '10'),('10173', 'DATA BASE', '3', '10'),('10174', 'LOGIC', '3', '10'),('10354', 'PHYSICS(II)', '2', '2'),('11931', 'CHEMISTRY(I)', '3', '5'),('12100', 'RELIGOIN LEARNING', '2', '12'),('12431', 'GUGMENT', '3', '3'),('12444', 'ENGLISH(I)', '2', '3'),('12445', 'ENGLISH(II)', '2', '3'),('12446', 'ENGLISH(III)', '3', '3'),('12564', 'PUBLIC MATH', '4', '1'),('51516', 'ORGANIC CHEMISTRY', '3', '5'),('71203', 'LINEAR CONTROL', '3', '7')
insert into `college` (`college_id`,`college_name`,`city`,`professor_name`) values ('1', 'MATH', 'TEHRAN', 'HASANI'),('2', 'PHYSICS', 'MASHHAD', 'ZAKER'),('3', 'LANGUAGE', 'MASHHAD', 'MAFTOUN'),('4', 'INDUSTRIES', 'TEHRAN', 'SADEGHIAN'),('5', 'CHEMISTRY', 'TEHRAN', 'ASHRAFI ZADEH'),('6', 'MATERIALS', 'TABRIZ', 'ABUTALEBI'),('7', 'ELECTRIC', 'TEHRAN', 'JALALI'),('10', 'COMPUTER', 'TEHRAN', 'JAHED MOTLAGH'),('11', 'ARCHITECTURE', 'YAZD', 'NOGHREH KAR'),('12', 'RELIGON', 'GHOM', 'KARIMI'),('13', 'CIVIL', 'TEHRAN', 'AFANDI ZADE')
insert into `CRS` (`C.`,`CNAME`,`UNIT`,`college_id`) values ('10172', 'SIMULATION', '3', '10'),('10173', 'DATA BASE', '3', '10'),('10174', 'LOGIC', '3', '10'),('10354', 'PHYSICS(II)', '2', '2'),('11931', 'CHEMISTRY(I)', '3', '5'),('12100', 'RELIGOIN LEARNING', '2', '12'),('12431', 'GUGMENT', '3', '3'),('12444', 'ENGLISH(I)', '2', '3'),('12445', 'ENGLISH(II)', '2', '3'),('12446', 'ENGLISH(III)', '3', '3'),('12564', 'PUBLIC MATH', '4', '1'),('51516', 'ORGANIC CHEMISTRY', '3', '5'),('71203', 'LINEAR CONTROL', '3', '7')
insert into `SEC` (`SEC.`,`C.`,`student_id`,`TERM`,`professor_name`,`SCORE`) values ('1724', '10172', '71133848', '761', 'HASHEMI ASL', '14.5'),('1748', '10172', '72203305', '761', 'GHORBANI', '16.25'),('1760', '10173', '71133848', '751', 'MIRSHAMSI', '7.25'),('1747', '10174', '71133848', '752', 'MIRSHAMSI', '15.75'),('1747', '10174', '72130502', '752', 'MIRSHAMSI', '12.5'),('1811', '10354', '72210211', '761', 'KAMALI POOR', '17.25'),('1616', '10354', '73172297', '771', 'KAMALI POOR', '15.5'),('1616', '11931', '72210211', '771', 'ASHRAFI ZADE', '5'),('1366', '12431', '72130502', '772', 'TABRIZI', '0'),('1466', '12431', '72130502', '782', 'MAFTOUN', '14.5'),('1366', '12431', '74182532', '772', 'TABRIZI', '19.5'),('1101', '12444', '71133848', '751', 'SHAHIDI', '15.5'),('1102', '12445', '71133848', '752', 'SHAHIDI', '16'),('1102', '12445', '72130502', '752', 'SHAHIDI', '14'),('1102', '12445', '74182532', '752', 'SHAHIDI', '20'),('1112', '12446', '71133848', '761', 'MAFTOUN', '16.5'),('1112', '12446', '74182532', '761', 'MAFTOUN', '19.5'),('1516', '51516', '74182532', '752', 'ASHRAFI ZADEH', '17')
insert into `CRS1` (`C.`,`CNAME`,`UNIT`,`college_id`) values ('10172', 'SIMULATION', '3', '10'),('10173', 'DATA BASE', '3', '10'),('10174', 'LOGIC', '3', '10'),('10354', 'PHYSICS(II)', '2', '2'),('11931', 'CHEMISTRY(I)', '3', '5'),('12100', 'RELIGOIN LEARNING', '2', '12'),('12431', 'GUGMENT', '3', '3'),('12444', 'ENGLISH(I)', '2', '3'),('12445', 'ENGLISH(II)', '2', '3'),('12446', 'ENGLISH(III)', '3', '3'),('12564', 'PUBLIC MATH', '4', '1'),('51516', 'ORGANIC CHEMISTRY', '3', '5'),('71203', 'LINEAR CONTROL', '3', '7')
